# MySQL Explain之type字段详解

___

使用`explain`分析一条SQL语句

```sql
mysql
> explain
select *
from ams_chn_gate_nat;
+----+-------------+------------------+------------+------+---------------+------+---------+------+------+----------+-------+
| id | select_type | table            | partitions | type | possible_keys | key  | key_len | ref  | rows | filtered | Extra |
+----+-------------+------------------+------------+------+---------------+------+---------+------+------+----------+-------+
|  1 | SIMPLE      | ams_chn_gate_nat | NULL       | ALL  | NULL          | NULL | NULL    | NULL |   31 |   100.00 | NULL  |
+----+-------------+------------------+------------+------+---------------+------+---------+------+------+----------+-------+
1 row in set, 1 warning (0.01 sec)
```

## Explain结果中的type字段

- system: 系统表，少量数据，往往不需要进行磁盘IO
- const：常量连接
- eq_ref：主键索引(primary key)或者非空唯一索引(unique not null)等值扫描
- ref：非主键非唯一索引等值扫描
- range：范围扫描
- index：索引树扫描
- all：全表扫描(full table scan)

type扫描方式由快到慢

```yaml
system > const > eq_ref > ref > range > index > all
```

### 1. system

![system](./file/006.Mysql%20Explain之type字段详解/system.png)

上例中，从系统库mysql的系统标proxies_priv里查询数据，这里的数据在Mysql服务启动时候已经加载在内存中，不需要进行磁盘IO。

官方文档中的解释：`该表只有一行(系统表)，这是const联接类型的特例`

### 2. const

模拟数据

```sql
create table user
(
    id   int primary key,
    name varchar(20)
)engine=innodb;

insert into user
values (1, 'ar414');
insert into user
values (2, 'zhangsan');
insert into user
values (3, 'lisi');
insert into user
values (4, 'wangwu');
```

explain分析结果

```shell
mysql> explain select * from user where id = 1;
+----+-------------+-------+-------+---------------+---------+---------+-------+------+-------+
| id | select_type | table | type  | possible_keys | key     | key_len | ref   | rows | Extra |
+----+-------------+-------+-------+---------------+---------+---------+-------+------+-------+
|  1 | SIMPLE      | user  | const | PRIMARY       | PRIMARY | 4       | const |    1 |       |
+----+-------------+-------+-------+---------------+---------+---------+-------+------+-------+
1 row in set (0.00 sec)
```

上述的`id`是主键，连接部分是常量1，通过索引一次就能找到

场景：

- 命中`主键(primary key)`或者`唯一索引(unique)`
- 被连接的部分是一个`常量值(const)`

### 3. eq_ref

模拟数据

```sql
create table user
(
    id   int primary key,
    name varchar(20)
)engine=innodb;

insert into user
values (1, 'ar414');
insert into user
values (2, 'zhangsan');
insert into user
values (3, 'lisi');
insert into user
values (4, 'wangwu');

create table user_balance
(
    uid     int primary key,
    balance int
)engine=innodb;

insert into user_balance
values (1, 100);
insert into user_balance
values (2, 200);
insert into user_balance
values (3, 300);
insert into user_balance
values (4, 400);
insert into user_balance
values (5, 500);
```

explain分析结果

```shell
mysql> explain select * from user left join user_balance on user.id = user_balance.uid where user.id = user_balance.uid;
+----+-------------+--------------+------+---------------+------+---------+------+------+--------------------------------+
| id | select_type | table        | type | possible_keys | key  | key_len | ref  | rows | Extra                          |
+----+-------------+--------------+------+---------------+------+---------+------+------+--------------------------------+
|  1 | SIMPLE      | user_balance | ALL  | PRIMARY       | NULL | NULL    | NULL |    5 |                                |
|  1 | SIMPLE      | user         | ALL  | PRIMARY       | NULL | NULL    | NULL |    4 | Using where; Using join buffer |
+----+-------------+--------------+------+---------------+------+---------+------+------+--------------------------------+
2 rows in set (0.00 sec)
```

上述对于前表`user`中的每一行，对应后`user_balance`表只有一行被扫描

场景：

1. **连表**(join)查询
2. 命中**主键**或者**非空唯一索引**
3. **等值**连接

### 4. ref

模拟数据

```sql
create table user
(
    id   int primary key,
    name varchar(20)
)engine=innodb;

insert into user
values (1, 'ar414');
insert into user
values (2, 'zhangsan');
insert into user
values (3, 'lisi');
insert into user
values (4, 'wangwu');

create table user_balance
(
    uid     int,
    balance int,
    index(uid)
)engine=innodb;

insert into user_balance
values (1, 100);
insert into user_balance
values (2, 200);
insert into user_balance
values (3, 300);
insert into user_balance
values (4, 400);
insert into user_balance
values (5, 500);
```

explain分析

#### 联表查询

```shell
mysql> explain select * from user left join user_balance on user.id = user_balance.uid where user.id = user_balance.uid;
+----+-------------+--------------+------+---------------+------+---------+------+------+--------------------------------+
| id | select_type | table        | type | possible_keys | key  | key_len | ref  | rows | Extra                          |
+----+-------------+--------------+------+---------------+------+---------+------+------+--------------------------------+
|  1 | SIMPLE      | user_balance | ALL  | uid           | NULL | NULL    | NULL |    5 |                                |
|  1 | SIMPLE      | user         | ALL  | PRIMARY       | NULL | NULL    | NULL |    4 | Using where; Using join buffer |
+----+-------------+--------------+------+---------------+------+---------+------+------+--------------------------------+
2 rows in set (0.00 sec)
```

由于后表使用了`普通非唯一索引`，对于前表`user`的每一行，后表`user_balance`可能有多于一行的数据被扫描

#### 单表查询

```shell
mysql> explain select * from user_balance where uid=1;
+----+-------------+--------------+------+---------------+------+---------+-------+------+-------------+
| id | select_type | table        | type | possible_keys | key  | key_len | ref   | rows | Extra       |
+----+-------------+--------------+------+---------------+------+---------+-------+------+-------------+
|  1 | SIMPLE      | user_balance | ref  | uid           | uid  | 5       | const |    1 | Using where |
+----+-------------+--------------+------+---------------+------+---------+-------+------+-------------+
1 row in set (0.00 sec)
```

当`id`改为`普通非唯一索引`后，常量的连接查询，也由`const`降级为`ref`，因为非唯一索引所以有多于一行的数据被可能扫描到

`ref`每一次匹配可能有多行数据返回

场景：

1. 联表查询
2. 普通非唯一索引

### 5. range
模拟数据
```sql
create table user (
  id int primary key,
  name varchar(20)
)engine=innodb;

insert into user values(1,'ar414');
insert into user values(2,'zhangsan');
insert into user values(3,'lisi');
insert into user values(4,'wangwu');
insert into user values(5,'zhaoliu');
```

explain分析结果
#### between
```shell
mysql> explain select * from user where id between 1 and 4;
+----+-------------+-------+-------+---------------+---------+---------+------+------+-------------+
| id | select_type | table | type  | possible_keys | key     | key_len | ref  | rows | Extra       |
+----+-------------+-------+-------+---------------+---------+---------+------+------+-------------+
|  1 | SIMPLE      | user  | range | PRIMARY       | PRIMARY | 4       | NULL |    4 | Using where |
+----+-------------+-------+-------+---------------+---------+---------+------+------+-------------+
1 row in set (0.00 sec)
```

#### in
```shell
mysql> explain select * from user where id in (1,2,3);
+----+-------------+-------+-------+---------------+---------+---------+------+------+-------------+
| id | select_type | table | type  | possible_keys | key     | key_len | ref  | rows | Extra       |
+----+-------------+-------+-------+---------------+---------+---------+------+------+-------------+
|  1 | SIMPLE      | user  | range | PRIMARY       | PRIMARY | 4       | NULL |    3 | Using where |
+----+-------------+-------+-------+---------------+---------+---------+------+------+-------------+
1 row in set (0.00 sec)
```

#### \>, >=, <, <=
```shell
mysql> explain select * from user where id > 3;
+----+-------------+-------+-------+---------------+---------+---------+------+------+-------------+
| id | select_type | table | type  | possible_keys | key     | key_len | ref  | rows | Extra       |
+----+-------------+-------+-------+---------------+---------+---------+------+------+-------------+
|  1 | SIMPLE      | user  | range | PRIMARY       | PRIMARY | 4       | NULL |    2 | Using where |
+----+-------------+-------+-------+---------------+---------+---------+------+------+-------------+
1 row in set (0.00 sec)
```

range比较好理解，它是索引上的范围查询，它会在索引上扫码特定范围内的值

### 6. index
explain分析结果
```shell

mysql> explain select count(*) from user;
+----+-------------+-------+-------+---------------+---------+---------+------+------+-------------+
| id | select_type | table | type  | possible_keys | key     | key_len | ref  | rows | Extra       |
+----+-------------+-------+-------+---------------+---------+---------+------+------+-------------+
|  1 | SIMPLE      | user  | index | NULL          | PRIMARY | 4       | NULL |    5 | Using index |
+----+-------------+-------+-------+---------------+---------+---------+------+------+-------------+
1 row in set (0.00 sec)
```

index类型，需要扫描索引上的全部数据，它仅比全表扫描快一点

### 7. all
模拟数据
```sql
create table user (
  id int,
  name varchar(20)
)engine=innodb;

insert into user values(1,'ar414');
insert into user values(2,'zhangsan');
insert into user values(3,'lisi');
insert into user values(4,'wangwu');
insert into user values(5,'zhaoliu');
```

explain分析
```shell
mysql> explain select * from user where id = 1;
+----+-------------+-------+------+---------------+------+---------+------+------+-------------+
| id | select_type | table | type | possible_keys | key  | key_len | ref  | rows | Extra       |
+----+-------------+-------+------+---------------+------+---------+------+------+-------------+
|  1 | SIMPLE      | user  | ALL  | NULL          | NULL | NULL    | NULL |    5 | Using where |
+----+-------------+-------+------+---------------+------+---------+------+------+-------------+
1 row in set (0.00 sec)
```

如果id上不建索引,则全表扫描